A01,1saIavtk49GG2zSinkdAgWltEba0xiRv7Cf5KbksYKwk
C002,1O6uLRuKGDsgkgtHSYw2HVfmYvEHDqziz_MiGaDKRsVg
C007,1GAGIdDRXjoK4WHfCAjBGnvZgs_y_McgAl--Aplhz4X8
C021,1rf7wWLHoUH4sBC-SROcNoQYETzEvE8DFFV1yxhaSqSM
C027,1J1X9tgeuVZrNLmn0Y7fv4cHLy91pCgMPbDoPMaaqQ6M
C030,1yX-6MDfn1zQF0B38DetELzv9NGkU2dGsSdx7V-bDG-k
C031,1kYhLP9CpYxJlOjk5Uaam9-ZF6RK0btUnEasN3XOb8zk
C033,1sNItvzpeRmUDFJtO8wKV3ht1uv2isWZ3UIimrmTUnzE
C051,1v07hqfvGKpq0stHzkVu60n8dugopXai-awL-30YvFyc
C061,1h320mmx5w0L8mcNjA1BSPBuzXQ-uTkKquTfyVZq5aVg
C062,1HH7gULYF7IGaLttjgOqJZazTZTg7ekZaPX9rwdjfSm0
C063,11SBJh2SYRfpX7UFklxpqUexV1HmzcDrOpltiXzQm65o
C067,1ijEr8yJrve8j-qS_6Q81iBQb22noXqTgH_ViJd-hvTo
C068,1MUHM8bParGiA5FsLRsPBGZKQYzTPKw4HFgfojOzS_Jg
C070,1m1PSN4dRfjhUaf3W_St9jFyAiDtwQNYUpue6RKp9DbI
C080,1nUdCrljvtO8f9nGkOWJLn4Ft-N_eqyUlhltCU_EQ-y4
C083,1fb8FhtCnRFJ_nEu4JqSwSLOdjCnPW-Y46NwnyM9kAJU
C085,1f7L5UKh-84fE0RA2MK37SdQjUCo7UK-WBhBnBr5UsM0
C093,1dcn5OvJNpuejQIIQkBo-HZdExtNfb-1fTQL_wLzLsCE
C094,1BtuQYTSUGXYa4aDRXceaKeBSSMli35CGczh0ShIPBFY
C102,1bUlpwxW-gM3CqjrRuZQlwKz7gfvWWhMxGQOoAwpq7tM
C103,18gQOkQYS9SEbvcSSxql4fQN-a2MeMelqlMCZs0mJSPU
C105,1EpEEVeEXGvQNVYOA0C0vgBIaD4Fo7WJ3ufyAcbeAh8U
C110,1de9LZQpDUQaWF9kW9hEVg-qO7S-BH5pq6hm8-ETN3aE
C111,19DiTN3HMmm4xTn3q6onrr7fE3abdBi29YlOJR2LE2Ug
C113,1-m1oglPH5_CVML1r0KG11tsRwPrFXz7lrY0I18wHF-w
C114,1NLH8HWwLR4zVbtfV1hgwjM9J_g32yupX3q3t3B2CbhA
C115,1ZYCNvYuLIxfuCFJU72qIHebiSUcgO4D8978xpju2JJE
C117,1gV1Ar-D5W4REXYEOgTDvr7cIfHmKvE2Ep24VRG3Fujs
C119,1jw8OPAuils_9IsH-q0LnLP3-7ClyrUbBglSMzq4wMpA
C121,1WHEE7DCAatr0iJr8hxxwQnLk02hcbPf9LvkEF6VswLA
C124,1vOYDOLq6SS4XQMS2D6GJ8paQ_Xhmpex66FkV5vqjwwY
C139,1p75PkY4MUCDsJL1U6HxbHru1WXuduqWrVL7c3Opou3I
C140,1g77BPEFHtooklZWCufYLsCVL4OBVivChLlv-ooFISQE
C141,1JNM10cL1gKbsLGYj4lb-8QSGw21L7CV9DUIylD8oAvw
C144,1TdZRelomeYu9B66y_Pv7HAmMv-qdEiSD-JWvdw5dKHQ
C151,1maokhQuGRXCEYFYHozw1GTeH22h81zr4VM0DFkMVGoA
C155,1Fq5G3_NKWloXpNs-aTo06CmexvLA_sWikfX-LFZicS4
C156,1jM1H5w73U6YgvfWfZiPYDZW_eDR8dRuUc5m6zg6QaFg
C157,1UmTUo_ZMv2pjWgS-sSUEjJiTID-11wjGsY0zrJapYqM
C161,185W0uwXM0TKmLCdlXoqO5lp0MY7d3KXY0F2OwM_hAb8
C164,1XnVyeaTMvnh0-Nmh-it6SJqvwDCE7Px7GNmEhO2Qh-A
C166,1UNvGGCNHDIlh_5prV_ClsPvFleYS3FAqSpcRfuvPDAE
C167,1CRKjFaYr4Jes2NtKYrXTx9rWoAayoEscVYsJhP8bnUE
C172,11FNBFr0_UvKFlEYVCGVDiUs08VJIIz2rOnfn0pT_OcY
C174,1NA-69mCqe0yb3RoCg-A_evGOtbBmAIm97-3eZdEsXt8
C177,1o0tMChKUWvzF9MWC5JXMNDTjaQuQ4j39RDvTkXjVTFI
C178,1pU3fyU1r45wrVsI777jkLXiAT9jZdSb3nVUNZk-6_uM
C182,1v6DwknACDE35UOyljPi9Zx9j2CuBMH9QZ8EuBiseb78
C184,10kAow9DSU3HPo_iVwyVGhtkVYsxD8LuEI7hRfYeoh9o
C187,1-0ZmrducMT_f9Il8SJn__EsjZ8xDWAQ9D8ILBEo5GdQ
C188,16lEqr14PW6kaMZlW1PDW6QZhFLPyTExPjp6bKIQkTXw
C189,1Z-pGl1WqfrwDuHto13lFyYydFP05EsUOUcr9WTEzBvQ
C192,1_pn4sRd5Cd1MKVghKgGufQwO8saYXe3vORtFPKYjPkA
C193,1sK0I8CN6qjPFJUqIrQtPxwVydvz85oPRabHr99qFwCg
C196,1tz0SGKp68Vf3PYv9l9aR_TqBZRrbDebaGJeVrzoaGno
C199,1juzkDL0600RRJusjelkBg7N0Ww58ZjINolnXmW-Yfnk
C200,1ZNrsZGvS2LCC6kJI5_rdZKqrwm2qLumo75NVhdOf_g8
C202,1HrR90J2sSKCqJIwzY5lQQIaM8oBwgrneldTkCP__b6s
C204,1yCaR6GyGKRC0gR0FYy2EiCPHPvSNujJvHMoRYqOscZw
C205,1fdoUJh2a9Fzk5kwhMJLfY6oEx0xyNzW6fP0DNUMTJ_A
C211,1NJzNcEbObMMOlboxPnUCvX4FrRnUj0S9hD33qleE_1g
God,1i8XlJAPvfM_w1bWljYdZt8jvwBL3-Q9ZrdFBcKwTtRo
C108,1K9ZMQMR-1fjHz3Oy5_QvpH6WWv0e8wN9aBCNoH4n7Fw
716,1HTRrBijPinw3T1SJaP0AINkDEoppkjmOKz8eQPl64fU
715,1RjuGgWxgpkfdCccg-cvsTiLIM9lf3sariMQmw3FaGBM
714,1VqYO6VG-oQXdpEgrU63xXJvF7TXZuzHa6uYYtsvrpxo
713,1CiqCVjLpZTr2KwlncMku46mngUiT9hCqVcjfkTOY0To
712,1f02Mofwc13moZB9SJIURlcoMYJ265-t1L26EUU6HFQc
711,1oFvtMDV9bN8xGZRNJzFwh_bTndiOSG5iIpn0nCEjjeA
710,1JC4vePVTziK06hEw4Vgk5zDfK-hv_p7HkxuXtNEVlo0
709,1jDih2mreLFANR5vAsiXawXRbiiRSXIDrnn8Hmd2ApJc
708,1LMG69cMHrLoTz8qKNzFTIC-0nKwybWduu4uv7g62hRI
707,1tfXU72Yap5MhbHU6rQwPJk4e9QnbxIUZ67mEkf0gIB0
706,1o9sT_Nr8c2UUPZH854j2xwZBVloUHg4-X48BJNCZguE
705,1LANlLmZ-5PWVUNyfWCzT8_M72FLNxldjnoB1Gngn81s
704,18e2iRJRAu3M5-JFb3fDsM4fDP7oaQOlqWYrJhe_01Q4
703,12V5w2p1eyiq6yAVNdInSjyl6_3A29VMKQ8cQ2YjQa9Y
702,1lvDS0Dq_FNJHTjZVTBGtq8vU4mQSqTmZlTJwu3VySic
701,1Qh90-c7oC95yNcfQEJIeSzIj9AawLODvjwq4d9xSlwE
700,1hiBzy41w-YRpQJoAO4eo2bgyJsAtNFX_cgu-_t7hf7U
699,1iuAqyc5rnJLMgZBJTcze6brF6der7Etl5AKVeNYBl5I
698,12SK2zrzHXoCCS48HUUf0IxIRbtoPZGPs2JTWmoXerew
697,10vhNWqb0VfzG99OvyfkCO4YUnKEcah01pITTUXowX_Y
696,133SKLFdifCS2wyt4jluNx_Gbtlge2_Z5iOTcgpOdtfE
695,129HdwLGAZWCHBLdmPhjUQBFLTk7kYmDFow3UFUG1xNU
693,1tunhT4C8nPIAxjPt08QTjfMfj3mNVLSQoToKR921avE
692,1KfMeNDAquFZ_BYw12xpCA5r8k8nssMFwyIv1pYweWP8
691,1pRwQpFq7zf7pM3rSkqIISTvLA75tJwRqwKHCgb6HBjM
690,1wDc27mJ-R_hn6OdEXv2hq7-U3bSQR6BhhaJtyi1FSW8
689,1zT0RZAVpF5OE8EdPkOuj6EvTD2KWznovvnufR6D7gSo
688,19vBr4zADmBZL9tbQ9T7bdSWueOWMC2QWBQ-nM37_63s
687,1X8_8HwSmqMRY5KVcaAIkmL7QkCWlZRJ0cLYD4ox4m2E
686,1XGXBjjsvQCeE0Bl9bvq0lxVyft3b5iF5cbz22zp0CN4
685,1pcRC12AHgLpUmmmj6YHD8VZB9-6kFv12JB3XAQKuRiQ
684,1s6SQRBoSYGWOEoT9_pw99xK_lL-qky0fgwigaCb8k-o
683,1dc8zh1EZTAFtFXKpsuSqxrCSVCDLW676qFg3WicMCPA
682,1pScg-jbJ59K7A0x3P-6ImGggNM6_AvCws51iFAKfJk4
681,1_8D_T8mP9k3d3itxmWwm6tUGi3iRq9KC3k35RWj23bc
680,1KlcshOpdexX2nbAgzOK3I6-fGHqZ9X796ZP7frv0bbI
679,10O65uoVp92eoKfDegSOKD_oPdTmhQIPyEZ87gTGIrW8
678,1NKP6QjAVwxA3xI_eMWJUe-ZXKlLP5z8N39VAM2XScBM
677,1QHeaoNAN7NqpEcoPJBpksIcMDpfVjgWr5b2TJMAiiXY
676,1OKVPYWB59YjFRPIT33Sg24SNjyvk0jg-YwH0l59kQWM
675,1SK2LQlJAFeOFtsK6SwD03nKy16pcaaP7NWD_Pq_oF0Y
673,1rZPxjqwVZRrLSfd6xVZojuGvT4F0Z_QehuBp3FTzGDw
672,1jy7OpIjjDdA4JWyOuA_XxNKnQ3EUvFFbPCuS6xcKVNE
671,1PJxGACAKkhu8bwhAWWavuL_dDcGBAe1FPj7HQ1fS-58
670,1l5NUXvEXWvSsK8gx9n27tlDCf5ItVRz_nS6Jt2IOQNU
669,1L-vxqnWXPC3ePKjzHsryc9QsX2IRP5zI_WleQriATM4
668,1v_BxpPURElzLF4qPycDZaHWkAHIdnsL_wMWoWnbbQ10
667,1xnshm1lNleREoAhn2sP5JWgjIG9ZIRJ5L6TJWwVrGBs
666,1FyGtDuzHLzPdtQ9sfXB9MFPS0yHB6QfJKteJsrqd6HU
663,1XRcHmRXO-Et31R4R_8kkIMNvwD0gBhcAEgAf-v_lGQg
660,1kFhhhsUFOZ_U6VAxmHqfLmE2QFUQtT_YP2_uoDnLJDA
659,1j5wE9FNU157OuKA1N2kCOIqcWwC9uXlaN_V87A3p7mA
658,1VLBFE1dxL2Ik6FPithHf4ebT28lPP3lQ1upNdUsOrIs
657,1wOOFZxzEQQH2C-vVh-B2dYmknCPykbSEhH_DUw6K2lM
655,14_zZhuYjllGZxTImE-b8wUVWXSrb74NAsOXgqIHnXxA
654,1TLUDWUT2heWEj7VHQFs7xnQSqho1kI3o28tAdti-5SM
652,1pWFdvf9Upo7tmiyIenpiKqEqUHdj-xW-B8hnpMECSEg
651,1ROxN0nrvEb7C2Rb4H5bMlDTTldx2dBF4SGRoRXFyMaA
650,1C9WKrUcVIULoQDLdtzJNrr8BmLIGCAPAYDbysxIdUDQ
649,1OVkMimGiWwPOmTtopis016uM5WY8BuRE_PZ74N6hEPY
648,19E84EYW3j5kVLshrzcP4yeDtRfsQUmMyuXdZaM3zTrI
647,1XPqRCe0Qsk0iBRb8bIIm2KdRVqc7e38GNdtZAIRov-U
646,1jKB7lHkYaQHX3DGfw5VP7PXGkGybtxlOu-zBynLkWhY
645,1qyXHI4AQ3R5a5PyeOcll_is4HuX5IS48i_wMqsfFFpI
644ii,1tldhbqLw5kW9vnHwNeJhovRBdZU8-UPq7YH-rR2adN8
644,1ax_6_gfO8cjw5G6fw5UlWsGGfeMLTe1h0NvS-jTdpMw
642,1ay_wYNdj-mS6RcavNVjz79txDCFegduPFucq19gKux0
641,1GIqerc7DW3DHcrCHnUpbOcl_ql_RR9HobgIMfrWqGXc
640,12meVbBrt0GFPrWe_idQnPNK1sUWrz2eEVRWbW0ytRK0
639,1gIbQ11m1f9boWr0Mzf8phiE5tV4vqI_x-cmb4UJNiUE
638,1bKVXPgBPvFpndFqZDW4IZ_lmq638uAELEf8pp68111E
637,1LU56EpPbNiOqvWHxFHukCz-tAb2D6MDQQNHvGy7EP90
636,1qakA3HauxV0C-MWZe99gQkIX4FH5WX0zjuJhD7ozG28
635,1dJE3zx-Gt6DSP6Ga03nRFeiI3fMSnYBDFcdIca9dMlU
633,1Q1mKe8t0a3BJa3WieUI9XHSQNxAdKfs9bMXoZEkFHN4
632,1yn0Fjn3rt_9449lLg1qPX9Laezb5XvmPf9ZXRlQh2Yw
631,1C7jBHHtqpLL_VGQY7E8rmGU2HtUX_ByR3u7JXWZMN9o
630,1N0Mbl8jAJnhS-End7m1L267jiJTEKU147QPaQfLbgPQ
629,1uqI8heQS5JLoYICMItIhaSsrRfvrL1zawZj9N9p-ETc
628,19sfVSxGXEJuwHk6J3MjQ2VROTfHE9n0KlGB_UQNBRv4
627,1CApROpCI6MRRNcx4zYYaApkLsdHvFWywRSvnQgZrmGQ
626,1OEHrJNS5dmOmdoXHU8k_f92-EnzTxmWuV9hGnZHRbPU
625,1iD59RGTCgvXzkagk33vi6P0LC5agj4XJ8zP6I9S8Ccg
624,19g3suPnY8TUUfyX3DCZrZqthxbNjv_GoMomuB5fanQ8
623,1h4s4E8JuFEu7NRqc6auEwU6CWUUXCSj_WFXet_tLrS0
622,18AYKLB6V1mWQmVB6yeOxZ-Cbq8WOzNh-brdmBHPaAaw
621,1WVqu1ns7m94DA1TsEeVJorx2d0oRXF3DVNySTAoHbqw
620,1JO68uNnhzZhdi47EmPyVoOajz0jNptoHfJWJ4znr_sk
619,12xfYI7Bx5Nbz1KPNnP4Q_4wY6Lb4awpLxC7gIxCrr4c
617,13TQMQZ292Bk1SqjFTcxQAQLNuHuvIJk_hf9eHfdPvwY
618,17yh3mN3MDb-zTxoIK6pYKF3ADtY_6fpS8s74Q4Yh9LI
616,1ArkU2XiTKHHmKC9Cajb9BGoO9rwHv64rBKtHb-qeVK8
615,1soaYVGcLa8sJKjT0mtB62GpUo863bnp7-kxKvcOPx4A
614,1MutbTIvSv640g9vZ3TwkCtdzMaKoMzlbgk7bGdgMju8
613,1kUkEH5EBtMqycNedgYVl9agmd2CgIoRV4pUJtrwM06E
612,1oBXLUQz31fns2T9aaIJJIQp-g3iL3rWHhtnbA4Y3SGw
611,1mIaOfLXMphugB89XwzQcNsmqvlrbbqG2LpBPVJq12VA
609,15XTQ6KHwAwkLGaq86r8kX-KEzr1vR6ixMa0WzLcZX7g
608,1l_SrVhDdxKVHIBusn-h8SNUxpDzdn--54g1jqCYAJc4
607,1wN_yxH28PkpXSTN1662BFVHCfRvInMMLu4jKWAF23-s
606,1ZUJGsvKBPXkFxU3bVeIJsTkdTOIaoU7-3eR7wW_g9v0
605,19KEZnDdUUNmF8mzf6WgiVOqb59gwmIm_HYfEgzSVjaY
604,1PxKUX760l-YxHcGj3Bw8nrhmJsLUUcxTj3lI8vWwn_M
603,1_VNaaDa1Ot0uR3RJHd0piI4nWfBGN3hOvWZwh4L_38Y
602,1oaZsO-ROLUHoouGJoVWnZ3nLQpUDENVNhXMKtYbM2Dw
600,16prx_gRNYrzo68apNtcqsgbp016Kl7_ed8qC7zV11sc
601,1sOBWq6Dt9x9Gr8D2pAtoNyO_uMxjK0RayS74_ks39is
610,1wkMWNIPH183IdIHOk28by5Mfu_rGd001xZIUtLfirdg
643,1wO9xYy2wqMCgMMFo3KBbTWi1Njb6sVIsBYRFjFMJ1Io
653,1y-bnQM25wpK56FmpgC6TtEZ415ssZufleRqOnciiwOA
655,13uWzrai7IMybMImt4vcCXLtLlIxIdfAxBD6dAvL1t8Y
656,1wOb2jmRWm-eCQq20kW2AmgHlTEOlb9ej8aJmJJEAouA
661,1ATRtvDE8G85kM5E5h8uIv8vhTVMDdQHh-pBA8zsfzco
694,1KWeOQiYti1dZpOxUd6AAwxhFamXkck9XgjbyRUIOyGI
674,1nZ4rPHASSjqF-o5X51zwbaFDsXbWjk-6UQ_PtTcY-pw
662,1fOK7-t5oU6_t6hdPYKVHiXpY1Nuny5sjlQv7KAQYu2k
664,1oULyedPdt8mBSSINuCzkg2lCBsSXlfHRa2ay5ueYKLw
665,1UVXYlXVkLuEUWMBelKYPpAzVfs9KToOR0uWifEfV9Bg
500,11BDz57gKF-f6mmRYZANWeb0NZhJu5xHf2Ve0mJyFs8M
501,1Ts0K6niXEhPe3NY-zE058YPSjFa4vv2drFSbBIeYSIs
502,1EbDe85JaIFP-a8YjppKWjLFWGWivLllJB0PUVQv5tVQ
503,1vPw31lzLOkTWBieGXj7KJNnWkZvgzlOkCFpkW4GXmnU
504,1R_BuYMxf-uROOeHxjlzbBjADTDFoiVblg2cHmSU0c8M
506,12RFyj57t4FjzemX604-maGRMfjid1XjWY-VoNrTmNSw
508,1RQPLLLUSdqjPUC2Q5jDm9hkxjw16i4G48pANWyTNp_U
509,1oAl1CxyBzqiV3U1_Nl-k5dxNe6yqXg2qIAcHp2NmqE4
511,15sZCHq-q0v-4y4S-F3RwAz5efZJPrn-7mQejAmnMwO0
512,1F9Jgznx562oPDxP0n4pPG_QyjKu0DT66fUTqTdC2s-Q
514,1EEgBFfVr3pCtwUflvKeZILJT6xo0bsccKWO6zKXv_70
516,1-0kvmAQPH0bc4q-GhTavE9z_SbVVu6Ol2_lbfmuRips
517,1zj7nhZ_az8BuuMagEOT8zBDYSSb-S9SgyqQWl-VvSkY
518,1ksCh1f2tb_T771vloIgCsFGZwl99Rm-VerC-XIbOYCM
520,1wh9CW2_RFuea4Lfp5SRxwMOmuT1cPREGUlndml62JyQ
521,1o6TCF-v0k2JXd-J6nhhSe-ikd3wv_PP2tqk14Elso4o
522,1EG1qRMMPJ_2MS9sFMvx9vevkXmCGUyAJhDQeIpR4Ams
523,1l5Y4c2MWpiG3eTlaLBBNFFJKrHEvBOLEP1e6RUWc88A
527,1zm45RM_bknyX27kHw92d-Wu1aFFyDINE4AfsRtpivLw
528,1aTR78hFiZtiHDjvM39m1Zi_IK0LMav9WFsT5Io-O1yo
529,1jOhHgPuMkEg4deQS8cR7gjO2yh_Q-aISNHxS4Zt5eIk
530,186Kpy1ClJo-aa1Z9kVlGOSTbqnrvEKQagJW-ief5EKY
531,1gptu09lmbU2mcRytXDQfQdmM9SkBuX5l5Zk3KH4QHSw
532,1-dMiGZO0TqhpRfZMMlYk9dpNmM3v1kbGlwslQAcUXsc
535,1a0LzD0VvMtiyADDCsD0EY9Rn9jy0jRbP1g5-fy7BJvI
537,1zQ_ImSFVKgBfjyDPOPysddZs94wdKxtvLqW9YQ8fj_s
538,174OVgveqqit1ok_K2jIznbGm-I91A4C82CDCbTIhST4
539,1RtZql6ttuxzkHZdatLXGMSWMhjhlnvAU7-pvbNqMbNk
540,1AxpPMQKqmDh9L6DBb33UDU7ArBhudj5L6xL1bX9fW7w
541,1igH_C44fKxMEJSnm32rZd-FupxpKD1ApNStSLavzPdA
543,1QXU1FosMx9ApUvdiz-Fxfs5ZIhSqWcZ0-u9sSkbWUbg
544,11j8gOiIRmoj3_xdN0luu46BcySZtSdSWB_71tUS_eiA
545,1kzrwMTIM3FdYdowxCUqnjpPbuPaZld92yzI1K-d6jBo
546,1DaOwEUjTGcpDec6IazFIVueF4zXrW5OKU1BI-lMe1bE
547,177FjJRH-u9ZjqTMDs6i9wHyHfEBGj4S1dKr7ZzNMEl8
548,1ioYyDEoaaUvQfjUArE3Bm3fMCLQa3co8SkJV-jK9uzY
549,14EmITOEIASg55XYFZEIPlEV6b_z-O4sq5wGSHJSj1cw
550,1NEH1F2Vvk4YsodzmLRMUj6cNFuSqjC93brnb8PhgRT0
551,1LwktPmA20KBPSXlo-VmEGfRuULij8KwyabPDSCpAPzY
552,1uZQMTzOcZRk4X1jmTZltXLcMSWNxveAMBdi1dx414LU
553,18xzNes6XqAyYeQsFZ2qQP-QN60cCXhJImlnZDCj8H4E
554,1d48BYKl71AQav9Ag0NnWh4bGj2DZ7615q76WlkMHtm8
555,1M3QCKe22iiNf_WXdz6ln3FukYh6ouajNniIUJweZfyo
556,1u9YFloRIz-5gZs9CZjykvMPxX8VH7cdXvYhdA2m5ijM
557,1zytK9zBtAnHpMRdLknxjsxjrF2OQ4_tTQfSXtRVZ-qU
558,10RsNMokZ1u2WNRqmXla-lBHJyJx0Z86V7u4c-shAbRU
559,1vv41mVY4eJDh6PI7f1nAH404CSwESzpQhVD_c9DPaIY
560,1ypslhgmRt3HQK95USJ74jFw4pyOw_gGRNToGmAd2TEE
561,1Wx46ShCWXdnlkq7JUN-WQPy49-1YttN2XzJ9zCfzpqM
562,1BKCMze5v125ATfnOIPlaW6pICuqlSBUhjsTw6nhF0e0
563,11OQ3cRKbld4UCEkiFG-zXApQcFH2uVuRt_cAb8LEoX0
566,1Aimx0FIgTuMH_6ZIZQ3T90Bhfd5ZUkHFfRbYD9X1uOU
567,19W9m79Hm8QwQo_Zww-ibNUS7jX-FFHihdzU3Iwg5JmA
568,14b6jQv9runvP4EvyirDmehNNOnXxQGEn-hY3W0GAstw
569,1s3rnqdDDZaXLXfoTOJKoW7dvN_rmhUNQuHI8ooV_Ccc
570,1bQqSPO3M6Zwu6_d_fSWs6U4KTrSSewdpWj092Se-IBs
571,1a8VVEaXgZNRlFofn5Hgq83ghlQwXi2q6ob_ji0xOQzg
572,19uZeOIFk36kOeYHQRnf5Bi-ZVue8gUCYelQiNyF_d4U
573,1hq0ikQy0xHe4zO0XPQ9u-gBoGroE_sPFBm0bR-nAz5o
574,1Ira6EIJoqtz-yJxUkwBGzg5nyvI4fmiEGojddto5wAs
574ii,1urFCd4sR_0Sb_kMGtZf04rKJIB279veX0mGfo0roQgk
576,1J4zKv9CIlTHcnb2DSe4Bv1fK2YaRIzf-Igx4LvEeY_Q
577,1S-XOvVcr60Qzw1w3s3eQKWPS2pWSQIEmcmJZZCjp9Z8
578,17pjlzrmANQ42WqAxLtyI3LyvjlTa5uThBDAukve89nE
579,1SBBDdAUr2uYKN45Hl2MhgZBjctpSPviR-Mes7Z1XwhE
580,1AezRdPacHz73YJSV5fqpRApMx-jF-xQ_KobF46Tw8R0
581,1asnnC8Q_jQ5rFEiJ12u89rUHeuQolMm0aiEJJjnsQ2o
583,1IW8HcbRHZJwddt5uGwJ7gPUbE28IlgANscrQNK3Tr5s
584,1oy80-VYSjt_EJ44xqO9oebJAO88KdO4Bbmkk9E5iL7A
585,1A60T9Okq_jn_aH0xt4Pd5-c4cemvC-QelZ2nFyiLPNI
586,1Nqa4cMqHUDVFHMaIi5s9oDwGnXXShmFP75M8lDTlHm4
587,1D9tZmTqg7Ylmf0RLBIgc7E8WwQL26ICHQSUIblQGTcM
588,1zhyLJKBb5ni5m-ELwyaOulc05GZ_x8PjafSFtqtJpKU
589,1pMvoTdc7D9EXOF8Gx8kYW00AZW2bPC2CjbZk5xVb0lA
590,1M5wRsx1fVvee6J44gdnV3dbByM5tiwJzCC8vSrRb1Zc
591,1CCfOPMZFBShFZaQsUlu6FLpYUG_1vFa8CHZkKGq53X4
593,1nO68560fWftwYiaJ6dfj9r46EcIdPz7mR8YS8LSnEbQ
594,1Jwup8KvB_Ng0lodWZrOVqKxgiMo6tZ_2vQwrPlbBsvY
595,17iUr16xh0wjZS_FkcjkKUo0jwM1opS4Cb_8E6K4cuYY
596,1NzOlYJVh2cSJT7498KXPaIpPQ-1iaKjEc2ki1ev4NVM
597,1ZXWS1CrwAoGe3_oHq-KcmoIQZDyOrKV_Wbu3WxV1FmA
598,1Ov5-edJOISy6A9YA9cffMm89SH1eHl6G17P36GlMHbo
599,1-FZFdFQYHTkm38IaF2wpE1BQJKzPBMKJZ-Rvrj37wsw
505,1ND74IVzNPUdg4rFLK-a9DHyarfCSXa1KNUxm735Ka6s
507,1gGYneWxlmRk8qST4cuG0e5bnHXLsXabiILV3a2XwR_k
510,1ywwlykUG9q82kPfKF-jhSSfuabQs7l9fE8NSJCuze1o
513,1dzO4krYpSOI4XGPnxueEcTkc0qrOKjcFaMX53tod5H4
515,1_cD3wZ9P4wC5fo00OaBBA5kR3F2YthRWRlo5Sbm8bOI
519,1Cu55Joz5YaMTUJbKsRWbnGAcEBwnZSqLHW_Pp4vNyoo
524,1JiSFnsyqx7FilDVMfJjUFvYhIOHrV2dDs41wiuGf9eY
525,1IOSZW3djfvtfTqXv04mFBgecCycLbdN4jnwgdA7Dy3I
526,1mX_faw9OmbNL-DI6Syn75yXAUsjVtqkrTuCHcrT6hEs
533,1BtPlndR8gknjL0OsWaxD4QIufmhyhd4k-c9g-oB7cBk
534,1OMwIuAkZJ2ezsCHN4zFLKuNM7cWF2PDYT3lEegWzeKs
542,1w4kHduIEVJNaGiisrw94uOraPMeUH02DMGUsezD-cgs
565,1JlQl11fS299oHI8pnWkkJpT62b5Czg4vncjamZJsb34
564,10AKXsOhLqwD50WzA9BLCQ27DLDAoPnVJI4ulQBnz_8g
575,1JJa8buGwqTF1teZGm_mNgBRmC_Ls0dbkH_Rh_C19m8o
582,1KNkNEpp1JsWs9gemvamhGDQHOhy0T9FOMbUFSPBGGPs
592,1C4Zh06CsrzXM8upEJHh3orfywLbwdQP00HR7owxQefY
536,10p3B8A0XzELXJUylAXvMTqkY0nhlS6Bff14YX7KasLc
400,1y25f_Osndq-hb4q3kN0fER4Vdo3IpImwYrgjN0Xd6Vc
401,1El3gyjXZ5qpVpu1lsYaUt7b7mbNlp2oxpyVxlduOZWY
402,1x9n2WTmi7FyvLIzow-d85BGcZfWyzk884dTd0Ba2SGs
403,1uQKGjFTlBwSMWB-Rv6sMMljw6wg5Es6MH24g3e83LRc
404,1GU1BSSX-C3iW_kk7qPzZ6fX9iGBGD1M9xlcFnbLLvZQ
405,1Dj7O-3U8MGXkl9pyEQsbJkTW_ri7dqCsjZ6kxMo9yDo
406,1fCIcH_1adCGP7YbnbHjvFw07XMQvHyRyB7wT5QSklMo
407,1LFk06aaj2sH7ejasEiisJebsLPljXhghaqs7NcK0GF8
408,10DrhD6Og8NqKE0CH0oYhP9UoxhIL-YlB-whECoGxTvk
409,1jJbqeKYrUP1XDc7vTI0SHbPIWJTspWKQH_gGlZlNpjg
410,1zrJ6QEAsm2kzCOGkw958rS3Bj8LOOUxYgZy3QEM4pbU
411,1gWWRjlBfBSJLdnrru2PaNnyMUuRZ8J7cO9UEeZ45eHk
412,1koM5S7KMdnUH0dHynx3b7Cobd1AWsArgJb6fPr4mXcQ
413,1eKxZMVHPcsFQb2xGRsY4GjeXsy7M8K71DdMVInJbjWQ
414,1VllwW_3MjxotxIfUF5mKsOfu6FqrVscUoqsEo-O5S0w
415,1MAtDpER2jP-cdzu8WcRt7BCrENY4rQNe_CneRPPCLkQ
416,1oEbj_gJpFEnH5xRJ2n1P5Z0lLV6uTF9t7cI_LNTST5A
417,1m_ADkCNrN-NlM4iUR-CRnrZXkEvtPqUs0Lgt9uFs1vc
418,1nGqYxqitftVOzvtVNVBtEah7ietaiDE9mHsF-Luf2X4
419,1lcVDHTqfyhMbFZ9SQYRb7palUvMZhSIfIpjqWtSsS9E
420,1wNyBpO-HSimkbsshfKIJMI_C_Vw3BTAGJ_VDsuqq2YA
421,1UVY5ZCsPRzHXsHP3lwhanS6GJbfdRIUZIe9ABZcVDLA
422,1VS6-vF3mEziNHSvji2VOo3MymMItRtphZGhqSj9UGWw
423,1aMgOtj3LcQUidx84cVSBQHJ52NKy8cVOu0NGRL31vYc
424,19vz3eQdCiOSoW_AuwB02OE6RjVk46iVpoEqyrerJUaw
425,1UY4_HGPJYA2ptOhN_1Ci-1Dbjbh_W_kEiWQZYtNL9Ms
426,1plLMS2zvu-VY6BfjDYfaKfLH23NRRHSZXR9JimU2klM
427,1Hn52LpI5DRH7cZOAr6HhcRM_BI5paMtz3TDkh-eRWk4
428,1OrBi0hirpruJnjR9pK-t1I-29y4fLEm_c7Pd140iRD0
429,18NMKR7hlnRn8iH5APwan-kIoOnNHIeKspl7y4l5Aknc
430,14c9DgyJxsbwFqdf_a7g6TsLIH1yxbMn2Q9G3ur-RJHg
431,1QbnvBT4JuoQA9SWmGv6yLz7PzV8MNU5eJLCmvMaOHlU
432,1ZI_dDByTTmyNNExeMcFQ2qw59_cEqdti7wRMss65qDs
434,1oSDFmSaN7NG2B0isyTlFBHpnvTs0BfxAv8eAaVU8_R0
435,1GA8E7dBUJqm_0J0N2MMhOqBrK49AI0N4SB4Cj9eQ7xs
436,1XpG3rOlJP04mvtKFp-mrf86YqHVRitRarle4BIKM2mA
437,19ncWx7QjGozgocqNDfkCYdqJEph-9oPw-aRgJ5Cv0NQ
438,1YPJvFSB6IV8cqm_RIwgomSXUOf9drw-Jp2Oca-969d4
439,1ya3QlymdwjyoyXPztIDG8oYGjLPGP6X9T8NCs5ALNNA
440,1vwBaEAcn9Bt-6SpBMhxnsXZjrPQXqQUGgpWsdcehSHs
441,1bhY7De_Y33Gf0XiuwcDW2IKaUwBNls7oLP9a8KBsw7A
442,1VPUp9MrHAG_hqdteE4uh5AH9u7G0nWv2ockM5ggAWBI
443,181Sq9qFscVfQi-EjWjAIvSc1FHFtIZuvnqqYea8cN8s
444,1_zfIaL5fWtemv4wRT7kFpH1CcMSJdT-4foR9espd56o
445,1brTZjRDXHW159jEswQwyMO2yurU_92dV0-FhE7jARH4
446,1EjRcPpRj0RPto_tgjsXtTblAcPBOq8PUh_Pfnhtjtm0
447,1-y5qPzSmjuNwuIB99mgS6DtygBZNDfCGmThW_vprX6w
448,1-l0cqzAj_NVTOLdD-tWU7jFXAcY03zaRdrQIzoJWpMc
449,1GuvlTvJ6KtekirsrDqAbhIbwgcQTL3WDP7ztwJ05SgU
450,1aLESqTI-PVHc0Bel4NNnJW0mbWQRDmZ4OKg-nrG8wg4
451,1zrx3FAZdzMUrnLOPrgI21_kGFYvncqW45BHFqoUISd8
453,1SSQQhJ4AE4fKIs6Gi6Z34WG1Fs7ueOZ9IGuGdjpUb78
454,1lJfQf0OnfbQZqcJTfig-Pcp0NNSX26LNb2BPJ8wFwIA
455,1LLUVSg0_aWdJVxZaMwXunm6J09jepLubdJl7l6O2LFo
456,1wwj9_ZSxqDT3PtFLf5QpeSdZgc8PnnowEbTOhuV0Rb4
457,1i2DGw6uFYy9-FniTwBTAz6wMNmOK9gXMGNpBW7s-QZw
458,1i8BX6IILfNRU7yKAr9DFUjwDxJ7_WwpxdxfSDburETY
459,1kho014osi96ZaPM37T-baeHJ5YizDeOZ5zU9VfJvqWo
460,1g6eq9-mtHULIkhyX7HEVMHMN4Q0XEIfPSaVFS73Eq-4
461,1WmELsqRXY7YcwuDOUN2-jojItqZIiN3UaiYJGE2zfgI
462,1fpRpZuCmGHulL1p1TmCndSegj7QSgVZRj7Rg1HF3FIc
463,1J64eP12OKtLwfa-XqYYakKZY4Qm43IwlAvkkn25mokY
464,1uq-uY3Ysw6ZNwekQi4rtf2gED1NEF_XY_xXSOD1IODk
465,1pYkfPMAYHyj3IBahhOsKfSG3_nmtYNrWC2vcjncRK_k
466,1zxxyDhhDWvKObxhfuacL3HkKR5XJ38ZKrqU-ZTk3FqI
467,19EdHGsEaPM_wUpEFAHzHLj1vYprgFq6yr69EYcrvddA
468,1NaH3PKwK6_LI5sSqTNA5RfqEZkoiB3_GvHjbrZIlfd8
469,1gcHBHUgLYWvncqvvx0GOIIm30NoNgqkqs8UOGNC0GzE
470,1zue1i7oz5ayCGx-VC9cTPCZWuLkQdiSmh_AvyAK_JHM
471,1Q_PjnL5CeMpagisCQd3AQDus9QrSru-dhHYO44CQWcI
472,1XHZHTxVaGXs5EpRq-hwoyCzmMIhiB1ZZeME45OZSzFg
473,1P88n8PEv4edo1yyR4TFE60rjH6fwve6NATXvWRFrrR8
474,1PdJaAKrLQFGzqBEBOnigGiqK-E0RcEF9txHoh_JAWbk
475,1S90lAFKgsZYrRR-MV5aQcfv-1WDzwBIRcvAZDx7nhgI
476,1-bw6U6NR43rN-J1Z8I6CwkqAdcCE-SZMUEiCmF4F_Kg
477,1QWtJlGIjmlEtukvZyj_mxK0KuZLr92EKspUtr1P9yfQ
478,158p1h0c8bjtIcHyjLfkubsEqUdefQNAHaib5ALS6ZdI
479,1lAROyHoIGq32wXP8fRg5xs6mN50mP4em0TL4G7Cj1cU
480,1vn2OxTAYyKX5Nf5wy_iBla08nJM8d4vAHE7gILOCZRY
481,1USLzSE9ujsdXcsElC3G2FjEw5f2U-rkc7-L_Pyj9igg
482,1BlpUKrSh1D_dPiEfOxbDHrs67bzJFELezGTlIDsIgU8
483,1HymBJWsNclcchYYAfXWknCLGvVbYS4TyPq3jJZFeflo
484,1dctIXmZinW1RMOUvPIFk686NMfvDMPwwDVvvqWDtAtE
485,1jOSX_iuS9dYeIJCvoDaXyyU38Tx_eKHAKdQNmh6aLyA
486,1IVDKgHs0aDEoAjdZNkv4sD5I_g6MuD5MWwHh9d6tGpI
487,1lxERAw-tXwJ35UEXVrs4T9Ki1kRnO4PMX0_i4OwoCHQ
488,1xhrBmxRXmfR1m__79PsDg-CG1Vo47VluMLM2LsLtczQ
489,1_9UHJevbFNpCXy2xhM8XqSSbL_Co7U-7066KLibvZ6I
490,1IEZYEuc7rFU3EuWvrTSldMfsPjITItXGWo_5a6HhkFI
491,1jjwGKEeSvVDwtWMRA25qkitdjg3hA4ydvRmpmCpSl38
492,1eykM-1StvtIUM4CtY0dOU-tPtxIRN0KbVySdaatu7Cg
493,1qj6xjXBWjVfB6isqtGOxQbLXxpak2jPv-qT-7u0z-q4
494,10EJbrjw25LWBezT9Px0JLlDo0Hgy67tNeLEVhdBIvAA
495,1BLuaxVi1SyQzbfJaVOjqUAqBgP7tq7FOUAw6_g5ms_8
496,1fj3NGaxFoEZnNmpuJPZMyQZTanZcTDwMMJ9pAXT9q4c
497,1KihZ4G6_4RgScINSwqinIZdorJ8quhogjEL-6ZeWHjk
498,1NkRnBoztsNXDaKZ-k5ZkfH2FZQDv1IoOMQzSVhOdCoc
499,13xEtoBNu815_dAwezasVdmN8KXnDlfxfoKpmsEbAamQ
452,1WYKtzBSK1fx_HTiLCQnYzYQQljg-lisc0FD3IJ2XGCo
433,10EQ1dSCjmjqyJN6ImGCnLOeoAmuqO3MGIybSaFjj6iw
300,17LtLYGjtFi8Rppd60xlY4rr2WbKWhMWZL-HgAfsdo1M
301,1t9t5qSunnQir1qi7tLnErfEBZ0uAmSC0UVeIjbeIjDo
302,1a-cS_Eyy_fVTnCafEF7jhVPrCnTLAGolL29HF2g8Hqk
302a,1DShyuCYyQWoV0Sz8ZoDRS9ghe_GLVWEw-L2LEu-F4qM
303,189s_8t2UotP3lE4Y-SRY29KHpMHddcHxt4wl4MjJnYg
304,12uQH7IBdHfxT8S0SPwum7dJ6br2C3g8UNj96BZVSZVQ
305,1sFJjQulCQJjEdUkCV96PVlP9KhM5dfX1W92qGTA7yj0
306,1PETbbs1vsMPt2US9endvaWllZTKsu2hDyRzcrzlgjOo
307,1ZGgISQx6aUc1JmeRdZAgnxl_iRIXE9ykr5ch48iEqfQ
308,1MhGk1sQBNJAag5J1K-Qyxy61tO2s-Qa3XWIBNH3j_H0
309,1KZhGqZ_jKPLLCVg4HlS9FiTY73rtQO8a4K_bLm_iFgQ
310,1ch8GcDRwQH3Hw892VaVPIIIFUruJSM9flmwQATIDhRQ
311,1cVuGlTsYjKiCdx3eeVAEb-t1KLrVaK7LrjTnua1Cd_c
312,1Aj1-SP4J5BjecWjohGcBFBDjQRgO7KCQxAQDCIueeX8
313,1Itas5NYLgy3H1PSdqNcY-ddzK7JD64DvTCthpfn3T1E
314,1gScmcQlXMcFbq2BLnV68yVRQDIliNH-u8kyOXwCYwkE
315,1UB5G1DJoDiEUqj9aUjksTiFGqS63XcZutb1FABqQk2k
316,1veFghBs3CKtlHLzC9DlbzYvhUN8BRJpo-PGUW28TI2U
317,1oHsSmYUeEyEFqHaD2S9kbpePMEcOI9keQQWUAyPiJys
318,1f_6-dE7EBc349BKwRQgEWBVAAQS3FmzIyWOS2orAx7M
319,1u6_GkkTlrvBGMeux6z0BM9tnTk5GphJSWdVBmiqCXq4
320,1das59X-RNMRaHWc_HDE6pfWabCLgDq95SE-swdDCz4o
321,1z2jcn3tF6QDorC0bJax_5ZJwY_utZkcxdpyjLwFoPXs
322,1S1w5EfDjN1q7jFidmTxD1Oqmn2wT1wDFrQyBYORVp2s
323,1aYq1GAMVMTAPYtUVKPKSEB0s8puyGo5AuTxF2hFHUYA
324,1_FSg4tPCpNtueA56EBfHAetVDly6cwdc5CWwKpQ6otM
325,1IKIAMalwhuz4evAFUN_SCWkg-po4qfpXpVvE_cXeSb4
326,1eHaQ2UQAUVt31AEB6SY-MO15Sq1PMy5NOc6SPNkHnEQ
327,1yiF0NULl2gLUYBf-3FCxFElmUEJI_Oyw_b5q7C-mFos
328,1xvyngSMasXpdvk6zypPXNZEBNHaVzogPm5HKDvJ1pPQ
329,1uzleuKZaDO1J_py5Argq1Q_EmrG6WJ0bKF5Ucj-O6p0
330,17WypF3tzx9JSN3CGnQU_hPJumlJcc3Lt2MWllDiS_uk
331,1yRkTgSa5ZCEROSxAN8xU5MU7RkKP9_nMNKWElATw-bw
332,1265Rk2lfs9r2NGqRX2noOV5KttI09xVwB7lFVzipKSo
333,1r2UFcMVA2YccHsc3TeWWfqdOmvq6QCMRludxESrxdkA
334,1aAUP4jkyBFQSRO0W-MqfaO_HSBmVob-mXtrGrzfgDDg
335,1HOUWstx8RJWEFeUc7p3aswhrFbchCF31KTzB_FGhSwI
336,1tHb5MLrrt_plDFNlNTSllUL1CvuBh39nXb0sc5M07hA
337,1t-9ieFvC4STZA17x1hasMOed_XP97mtsIiwwBSgiu8I
338,1HcV0kDZIicm9pN1f0nEEEiKB4GllA7viuV_NyGylf2s
339,1mElq_i0ghUCV9zEWme1vuiiYRZZHmqOVId4j0SQ-mMA
340,14YC7md0AZdEpbrbUlURynma_HjvVGbZueWCoVRTOack
341,1frSn9jHdESj15-HSIR7NCiYdj2hYlqaNxnamfVujFdw
342,1620DyLk7qg6N_t_8bESITxyjXU04Bggi7CQ2dp3zFN4
343,1HMndxY8-bIjXW8VuDcvtzzOluMAPoztyuV7ZSRSS_WA
344,1-vSkCV2aw8kEfVZY6j4dS8fAzhFYi_xdzpYhWJogcf0
346,1GX0-NPpBcZ0MocKwTsfzB-fAsY0_Mr8jsAvl5NMHZz0
347,1wfI7cItF3ecwkYbnx05z4-dQuAv3vtl-HqDbmgPmMuc
348,1cWRJr94I3SGPWlj6GmAFymS0ASVTxMWgqAJv4mPiC34
349,13VZxu6LqRSc6Jd3PA60tiZbwpy6rCrSlGT1quUDanHc
350,1EB7wd9gla6dqtAXMclMunqp58TN1jLRjca847cssyME
351,1JdRM5CHivScQ6ToYPmngny4KYaTsKDKnA65bgrZB9XI
352,1tLlvzfYCn863JbhaNNpQWPEqgq0vl3REHKKGc-VBLx4
353,16YKrgA3VdV7348x70uWicqnkaT3Xjrfm_V1B4PrK1RI
354,1o44LnQPUO4E9QWtM-3J-iRS9zWYNGNAZCQK9Hjnv18g
355,1mHiy_-3DTuFdl2XPqfIsPhx6HGs1s8wms0TiSn8bGKE
356,1wQuWgFP4XG6K9hXbqJf8N3MHa1fXm_v2mBqVaUW2Nio
357,1Q6n8aiyFXllqbegDlZ3W74_11nRbWsEKWOS5oi7WwCk
358,1duqZskJJhuOpw6yspVLjqtEqYkOJcYvoHvBAnwr9BH4
359,1S-38gmIn1g5oV_Zz6v9DnBRaov2xaZOakPb6g5EFsK4
360,1CrVF2-Oth6ApbEtwTI0R7-o3YJic1MeycEFdcLsJ2vE
361,1ACt5nRCwLzk6NCz6z30KYQ0nM-dsdfO7VdWnYAZb2f0
362,1X0yAV9V-hSEpiI4B2JLEaua-zsv5D0jMKNU4YjyvPzc
363,1zx-DF369zsZ58zZOajjps6xQFPQ2UfnBQ_Qzz_J4QlY
364,1b_z6ApJD48ZEIjymQaDxpkH7BnNl1zATdfwiukgFBi0
365,1oVuzJAlpSc8WI84_uTMmM3CSFOX2pCo8NjmHWAsMz3A
366,1NmOOkLycXQ-vmuzyZxW7Q_IwWP7I_gFNf0a9UD8ylzQ
367,1t1UJ0DJkpSs86aCELi92QG_0duO4D_a20ZEDb8vAQfI
368,1q3VMNfbLM39XcOKmwrr3st6OO-d_JXYu2wgzeyz-K24
369,13k51Mej0SqT6gBo7vep73cGolAiaITKQJlAiD6mN6G4
370,1DZlkXxt_U0eQQ_GQYnYE8Ykz5DUtvuZ7iSo435VD1x8
371,1a6CkRvI6JdenW99WJP931K5mtWcFaw6ggtX29T9wcwA
372,19NG7UizX4vjMXygpeeAo3TEylatrkMpM4wSSyYz_w3g
373,1Cu431rf3n0BiJ3SELZVmpon7SzhLi5DvTADcljZPlGE
374,1Cp05gsKwBKR7UVgTHUS62ARYqvbQF68YfQlHmY3Bg4E
375,1Mxe96mkXb0BISsPLdj3zYc5ZG15rW_J5ymasknWMLMU
376,1OajG6Wv_MMZAu2wWeyOuoOQpt2n0rkj83rb0oYIgZKk
377,1Hyult0IL7SH84O6OlJGDrz1IoaLpjGCoVOrE65qL9bE
378,107q60sgkJYfV9YmmeUDboxccXCRiJVcpzftiFAVuD84
379,1iIdrg6VCyBfTK1UHXdtRGkXL7wVxNXGYkNq5bXknSC0
380,1z94SmG2GCQeAqZ9V_puA5pXgLO48M7NBV4BedR9LEwE
381,1Qp4XZGbGlVpDzYSmlBlDdGIXno47ayp_sm8l2prTB_w
382,1twGkXWLvaoYZDvm9cLg60CnEZh62UG37VxCqMLJRoD0
383,1P3NVwKRd4Q7GheIVeDLrBlsvSr05bpMks87KbEvscnM
384,10UhfgUoQMQ-H3QSDMxUd4sysVd_DVzi08U62REoCvzs
385,16nXvvNPMoj83Ss_QkzNUvvqbNnp2Ge_YGysp4pTurZU
386,1HmIzTe4IAm3WhFuyi68vUzTnmjJw7GimP-pIoh9RbeA
387,10MJZ9hFfbjIh1iy97Wsn8AnPt4VKfLyGFheDWVA-7ek
388,1pRV-7xsXKiyGjc6pXpB5tCQO4pz4b7atXwGdAKYi5TY
389,19nWcVaMnPEYnGkl7ieaEzlcZljLFNDurkhvb_wTsUIE
390,1mhQxG3qEyDyACFaAfWgeSBM_nJRm0uLRFu-ASOYoRaw
391,1NIsztDniSTeDq0XGLlDG4NByLOX-5BbheeQEGCD5-AY
392,1jA7GEQQpLyfarLE340g2JhnvONWzRyIStiLftAJ5c9w
393,1Uu3QudHJUSxx6mU90uNMX4hqGo4DeWXtGDS6uGAz62E
394,1QRIoNBoVXiVN-PMCZ_HF_nM9qGLXONHBIi238LvfajU
395,1ncv4nKbhYuQSlOCcBSeiVcc2ZEM8RGnP9nRIXj5MN4I
396,1Z0W8J_8DeaYkD3TRQ9NvTS4L1_eBLthwcxZead142t8
397,1cNeWeZbXxSBnfKDxl0fMudDOyenvTncluu5uGN5xni8
398,1-b_WLma27fS-vuoNeswynOQSCFIAiVHvq17Fzgei5S8
399,1NCnXWjUtlt_hhvc54lFmUdJh03ZU7PxBU0V7g4h8Qzg
345,152XGzVwI0rbtmWU9nvRzKp9ia6IJ81cBM9_84tJUWbM
200,1wKM-kw2YfCdWe02v63l1Vwzq9LgnUqh7RcReSZG2EtM
201,1mXKugSFGNwTlPyom2MHlpd1IJTBkgKzL80uI_HVf8zY
202,1IwGo30J75lKIoExuzzGZz6IoXPn3MmYGT8kS3eFAQsQ
203,1ytqgidAoya1qnVqII28RPLnGHwj6_PiyxxL2VpGiwC0
204,1SZycFR-rq54l72Np9fmZNbuulmjdebX38vDFqMGDHBo
205,1cyo7hcWfPhRqWNVsgf3wEKsZ_-Jszr0gRuoXam7RQdQ
206,1vYA0QnA0eKkUwjqDnUHEGJwH1IRxWuOWdrK1-HY68lU
206ii,1_p8X7qHo0w9UsFYqO4vcn0r-dRBlax1RIWWcluHptjs
207,12urEm3Zl1teimfZCc06grTJihbFu_oObCEuziaIVPtY
208,1tnpJRX1GanHhIlkwTz2SSpOR-NeiXE6T4UYOMgWFC6U
209,1sJS9vrZJEPKEGo4qiO7yhW0uRb_fgJabv-qBJ5Z7cGI
210,1IMa9PbXi1SEpXgi7NPv21IAok8YuZ7gR8WgwMbSu1fQ
211,1QQexPhjhzly54F3OMEy7UFn4kPpSqVffzT0DBrWvou0
212,1JvCEFnjjbmd-SgUfFGQL7rZIYdQA1xO-G3-euIbZwCg
213,1R4syHDKJg4sR8NLzKchXBe_DsHV_K931ifV_Yng1v9g
214,1Hk66wsw8W7KFsi-5FTNvI9XdJH0ox0A-jf0QjOy8swY
215,1sizwB_FqMikOkRpm2BKLz0eT3kwMertoJQKomsDPJwI
216,12mPXPPou1fkJw3eDBlcrPi13v5JuP12qVb796gYQA74
217,1Bg2KvbXbU-0VaYHvdNUeFLCEA2VA236-zcYyRirwQn4
218,1T1dyrJNZbuI2TI5XbljMLWxFwDfiF5ArFD9HuRZk7Uk
220,10A6XpXuda5DRi2rCR6IA3nZb6OzgpVH_hQ6IdTx8NkE
221,16Zj9leB3n3S9eR3bfKoP1El4xcVAPp-ClQDjKp3euMU
222,13HgTF8yBMh2YqRPsXZGJhU1y9-u9BOqGPK6W1eVoUsw
223,1rsy5lkB6gAQdhwBT67dEVMfB5fiqMntEjvipSrjN0wU
224,1a0JcwTClYVhwFZmUy0D6hj_EoijD7tlF9FbaSfCWWwc
225,1OEt0YeARrTm_hQinaYDmksZM97RnipfGn14Kiyt8gQ4
226,1aegakFDmXJRX54AG2JpHfm753XPDlEJOJTfbMQIxDQA
227,14-LABL9lb9Ohz3L3wTCEUyfC9PmY2bb7jJ656098maQ
228,1B_zTkw9R03y0g_Y3ghFLUJyVYD0_RMtwvuBU76g-Zqk
229,1OZkZMKZBKQHa8D3Bfn_SYuvDlBAHLQ566AbemFblCyE
230,1oan47FSjXIdxOi2Z6o1mFPY_OPZlKVus8mk-qTgB3H8
231,1g146i36o4A0iiPB2XZktx6J36zA5l7JoSwvKtF_Bbjg
232,1_DfnddA60Cq51D6BhO9BF7-U4UBzIbu4DDIvkXrKy7g
233,1jmOIVNKTIbNolkuDlCgt8_LEE5oGy_DQ73gLu-kHHys
234,1vtQInL4dQZVLdyzqmdyc3ajgdsUM8BPTm9LkHH1cNeA
235,1ZZWVorFP7s1_ltlufy3lIkjqe71J0jd-nVwvqXcClBo
236,1LXUcq6ZJ-UgcxxBoLGlFBUzPwc9CaprCbCnD568K53M
237,1ZFyp8Flut96EEylv3hN5hJoALV_XuyBSmOzUD9V8gvg
238,10mVZ4akgnW9okTk8rODGG-qu71RNTDq2_paONz2Qw_s
239,1pVEbWXZoCHexMukUNWWd7W_XXxfG7RMBYk1d1VEXCEU
240,166hqsi-rfrAE1wCIMhsgr4ITS0MBTXu4byuSfXLc5Zc
241,1FLbeu05Ycj4Aad-xAyus8GzN0hKJzB6ElmxvD2D8Xsg
242,1QscsbE8glitq8EICZaLFmDprebnVUPPccFqwMZ7f9pI
243,1GV6_1m8lbOd7vdQGczImzqcGzc3h21VQS1YuuIF3ZXU
244,1c03F2ZNC_xVQiFZDbvDH3vcNJJzwdUtF7O9mb4DOZXc
245,15UbCh0oKx5Uf7a26L3NEdrkKiazRSQMciso4xWVA73Y
245ii,1tqZ94ICixTuFuf7YyNSTuBkQzoJC791WAW9fMeGOgfQ
246,1yDEoF2d8mdsErhhK4yRztG0OUy_9ysHYS26ddme_oEs
247,1rszMVc8s7_EzgYkWQFXepIADlcCMADP8ei1H2Ub5pwE
248,1u-MeHVi_AS_jcA08g-PsQjHdFA4AcTDuRZHf9jI8NDM
249,15GHLe-z-SYfd097qwsQZwI7mA67AgtVNgaFfSPJgDlk
250,1Akzgm2h64LdKfVuKnRGPlVqbfXmKizPENUKzKLajPq4
251,1B9wGS7NB2m5m5_oUGQAU-R4bWRVyyQxkZ39HQpWmBu4
252,1h-EckZHwTqR_e0IGWBeAeRubDX3fyvqZQqMX9yMkous
253,19YKo0PgI1qe9e_3hfCJPXO1-rUsHpieJqR6GcWKmyXQ
254,1hing7cT7lHmhairiTvxUKOTeed2Rpe9d2S11aSezh2k
255,1NC6A0mDbOMyn9JqDHxTUK3M2tXCxLwnDr1ZGJSuF-_k
256,10LlX-HrnD4-C25BZtFgHoc8mJeii6KtU7KizybMGWmY
257,1GTIJ4djw_uJZYjBkQCm-6uY12fI13o0OqJnbZ23SPEI
258,1uiQQhlqHv1-mD5jJg22g_jxACPtsvg7dkXXkTgnh0C0
259,10jv48oa8PTUSRnNE8l46CIaHtDHQI2Av8RLgQGFBaZc
260,1Q_XtWOM-NgrM_FNdSr9feV8CjdR69JqqctjOhb-4jnc
261,15tohMmZvHIn5J3WptlD3Y1JiNxZwS7DclgLl-i5xfl4
262,1MB0DSFp4lJNbOVptHCOZoj62_KJ7YT0NCC2R2EsUbgo
263,1e08I6zGBZWGqe9TtBvjTJ5CeCcEoTudPh_P4iZGleDk
264,1fOBBg2K-rVs1E3knWjBwwaGqI_qIrnOVAE1tXtelHho
265,1mMvpO7-GkLYDhI-T313eGAbYkZe1hf8KoXNak_-9OGQ
266,1xFwRS2qFluBqAIY073XHeaphTcxNuntr5GRgHd9mrl8
267,1NWKs2zh13-2buBBCA_SbFr_ESkWmlGPKZsXJUEjNGZ0
268,1-a2rsQSqoUeGsOzVA6bZ8DJnCGM-4PYI0aDbnbH_ZZU
269,1OsYHynQFvy7tOHUy6taP_xizMkCNzJtTr-6wn2u75OI
270,1Smg5AM5tyhaxd23HlNd7genFmut7o4uLfaueeNwqjOw
271,1-5aMtuO6bKc9Wg5YDjH2z8Aq-KX_u_XKezabvZk-bI4
272,1qeBMaWGomlCM8SK281TQW5rgZwBfdrx5_0pUY0y_qvI
273,1uT5XFCfeOFlaHXzkgQOZYIPsxgWZ6FACqxvSGydDxyg
274,15__am9dhWxqSBsYIbB2nSMMvteXqk9VHU7DgID421iU
275,1jOjNiXo4MPC82N33DkAAW2EWI6YSmVFtgbl0CtPGZUM
276,1KeCjJmOxLfmJkTM-1dhl5FdJww81_UD6GwqScCrIW3c
277,1RBWudAAtrxUz0ufDj8LnpjZ442G5GKhwFes2Q8j3-TA
278,1KzFA82ZxqMi0RYMWkEln0wy4Xrx7oB0q2yl514BgEjY
279,137xoqOwgSGsyb63uSS6kTXwfmDUm6LsiS9jX5iKtEvM
280,1w9Nzn3UEGhAeCKGWEmfk6csN_GA6d8Ymq1ixHE3yqAU
281,1GEUKrqFWnupb7qbfuoDA5L18erR7lhhDx_O0iT6F0Yc
282,1XNARfQH8EEBbSbhLu672xZT482YwDgkqBa00s-UjLYA
283,1Q6cYIQXEqfGIp2b3_gV2O7XqGIsBA4m9UNbkFS_7slU
284,1xqiLHJbGr4foB--zkAuffkwx68CaZHAlb4FxSwrQPQg
285,1KUeX290S7bLwV7v3pMCopyo01N3Ag-cdSpUk4GOdCUA
287,1kh8z0pNFhaEM4qJljdJckoYS3t0lwqiD99jvczoQR1M
288,1dznGgKgVhrN0MDpZt--_kBn715RNKbtHhHjRjFwbPYs
289,1pT4I_xUX5QWCXavwCIcTWpiJ99oVkgfG7m0-_DBRA7k
290,1duHzn_6N6ftMUCanKQ4_1ct7OXI7TFM1HMPFoclA4TI
291,1ryrEJ_RWNskakgmIW8JTfkjGqR_Pr1aDC9kwuGXkX1s
292,1OH2keUIrnClFRTPsw84HJTn5m-a5a5zONbDkAlaa48g
293,1SmjMrV6_RhLYsvjQpOBXeOpyy9WF7HlvLllaeoXxW24
294,1V03OWaARgw2fkL_B93SdrS8-iF1FbbIVod9gDxQ6brU
295,1ynbCXp927-Pty6i-4u5qtWzjZYDYt5GdWPBGU48aVW0
296,1aHeE4qhotT0JLkKlJD8kB2kNewZMA41NKyIlk9IOPYI
297,1U_MP9DlG8y4lybILa80gfaZeS-3DAzVTlZ25hCNTg-w
298,1N_utXU8UQ3-2IiONlXaAeBnLt316YPvat0o8glCJ6mk
299,1_nGUd5VDeKteKzybEiNHUxE9DvFgub95DluZ5r6Du04
286,1ztQ7Ckv63XDofcYHuH5zWDqp9KWrkDaEcaQOugpo3Mg
219,1c7AnuknNQIvt5DKri9Eeo0ukGt42-EVGOzYkcS5kncs
102,1_Hdo_kkNO3xCpK8W4KxAeC29PGspLqG561w9Qnph8ak
101,1E5Icu6UjM9uD1iMbjcX6xMuStWNG_-jp4xwDsWKgHtU
103,1iRr6jt0fxbwiIaZ_ECr6s-Gyzd1CcGMgfMGBR13etE8
104,1ecC0CYvMWQZXIBcdAdbsc7Fjws_z2XZ-fa4Gl9jwnpA
105,1TsfQtj6_1fYZx2pR7XAbxpzeavFJySPrObyz_28eQkU
106,1vcTk9uLyGFGLNqk6YOWm510nBaaugKnmYHyGKXvOF0M
107,1L3PS8whkm_rrljnYK9To5SY0k9UJkGND1exePcoKAXo
110,1UJ5NUnbyDM4wlp-JzpN8Mc5wAL3wmSI5pcBIleg0wgs
111,11iG0ak8mquh6o9VdEXtOQrZEOchOwgt--xF64IIbUm0
112,1ZaBZUaxZHzg2sBisoBbskiAFIn58v7xvTx7nz94JXiM
113,1KKuvZfNfYdS191bpygIx6_5BiB9JaD0NvRqRZnxEAfQ
100,1NElZc2XNDn_JIzb9h9RYLRz-pc0VNmf6K6zgSAR6cFs
108,1H3NBK5nshJowDPgrTEVmM0KqpZ3oxd1Km1joBnNzwFw
109,1P7UiwX3rzPPXjDkwaCGHB9ec4U_fHk_r3--HgUzEjtg
114,1uIDVlRFlCGPVzp1H-WRdcEAWWPiNgKlIpXukYOnpHmI
115,1XseljxaTL3QP5sqnFHvGogxsea6ZVckHbQoUtOmjdHw
116,1q8YQ2rbOpnzeg-iklDUpPgm6MuuUS_ge-Ce3bWpIGfA
117,1h_QW82wkTIE1d8-JFgD469bGKYi8QcfsR5eqaquYwxk
118,1D8dszUF0XLdW3xYVwBxb7x9DCJoNz7D8ov8LxweGT3k
119,1J48fFu6UyoJlacdUeEa8gnYNw-3M3Afaen6ME0zn1BI
120,15YQ3cnHDFHCeXST5Dcs6QNZzyE52gu79Bk2UcGcM_eg
121,1NrgUgfA0yCFxsX_gX4x1p1CN2zOg1xCJB-MCiwSbjbk
122,1yJ9GddDRRWLyJunMmNGFFi4jIBWHoCi-bCVp1mVtivM
123,1JPhNQnmDlZayLN19j0y5_0WBMLiG8uBBJs9JuaXaTwk
124,1fXJas2bKlay6IpTkN5KQWTIxyXdMSCwtWZrXcKM81BA
125,1r3UydCLnoogG1kCXP7cdsVUt-dO9Ta8ZQjCxRJi8a9o
126,1ezUIn_ICPmUpm079gcFN9Qy-lG4clcuXm8BB4v6WKNs
127,1MItwRCYz3P4huT9r7B2EPKZBHyLmTfQCwNMai0BFpJY
128,1VfDLWrRJos7bXZDSxS_dp99vQLswzBW2z3ZkyKOvIpM
129,1hGcpeHVPFszF1E6zpLkLhtdNWmj3KMVdglDA363LO9U
130,1gLZU9XJDRCpKNNbDfVqRYnXSOR-E45YlClqbroqxbZU
131,1efqo-xTiUQnCfxIhpYDTDoxXOgclbP0RHtqseOJo7H4
132,1MHO91ejsGtJD8Kprb9XOTzGkSXPWw1MRQAM_pCXiXiY
133,1E3wt65BpebU3vA3X4TfMomZFg0QT79aPYT-9RgU-aj8
134,1oIxH72oxiFxA1UYSr0hPfxgchCYwz4aZ7_-bGdV0OBo
135,1QykdW6KpJGojCUzDxAgehx-RVSDLHz8apsAN_o310LE
137,1oJVEq2RG5xPLRU4hANriNcXoAEGW9UJUwWdG8OAxsog
138,13Wz5lk7nLcHi5WbYxymZUs7bjhem7_15T6u_FVhaL6I
139,1ZWXTJKH8Es-gyRHs-2owV_ddWLJfQG6WYmR_eVsyXyI
140,1qFbjPg0zmoLoQ50fi5o4IHNeNuiPHhN9swBPblyJJKo
141,1wW-2Mpm8yN_uwswvy-L6CeYmshNZ28ojQtWjl_O4vjQ
142,1et68xYEMAeFrKOPbgsQIU3qz6_bGX95mBKXnb6lmF_I
143,1m6yjrHayr_E17s9wr1cCsJk9D0VlwL-5o6pdNg4PdyI
144,1DN9zDWQGp3Nm45EYz4Qv1zVlwpbwP0mWHv_WWLecvlA
145,10xo2MjEUoEennm2XPcStinEjDt163L5eZou3pxbDYGA
146,1fgxZi5Of60ExfU5OyibrHENG91WsVBsHhj1I8w6Q4tE
147,1pPuXJV_lbI01IbDEK_BSPvAm_eErwvzKdQowkQMF1sI
148,1ag_JtEAkcqKRbvpkj2zWEAP3gQNAzA9QZHXHJawAad4
149,1Ke1MsyFSLMClXKnNGMDhRp73noxK9_O2IK0YIlciLoA
150,1DLkLk6WULyQlK8HwtEYAn2Zo6HH2QHmjdX5DUnYZ-I8
151,1ZJZnDgES0eP0qCYH0mesQPjG_nrzONMMbs1p0gexo_A
152,17j_OhzFomyPAtX4HmUXFBd9TXoCFC88cK69LJxrJBGY
153,1MgKp-lcoX5wny1XJO6zmLxZRCOExQSFr80ciD22XaR4
154,1JZBS8NN3c6-kDQOcKNVeavKWulxlNUR0i8nVWQdVzd8
155,1LMzN_HdIyIBy-5qQBXZnq1Ag1d_010FyJZoKtjSGqAI
156,1lKmkTwmL5f5NvHfTHUF7QvUEtevd4sEnxlff4LTKjEo
157,1qiPiOLXI9HKyFJVTX_HoQxROhXa_zYRymBtGNjuFVsc
158,1S8gDD4kkkbIqeYauHwsDVnBuvWy2YhKkWzOatrEqpN8
159,1z8U_IXETSDtqiFtRD00VnUcdb54l9BtVY7pfvRk--MU
160,1ivFs8hA-zFmyHOxXTbtmDQ01xQDEuI8hd_jPk9jS_NI
161,12SQmdxKauhS5G7_oguEO8HpQbAtHElmT7DTEisSpz0o
162,1nXFfFgVmV_9rukt9fVMYAmwU1x6VbLZmjcUX9hSuWqM
163,1IxF-zm7dEaHdSS6cntWtDJg6TqB0YTgCIQKGL430Hko
164,1L09gz3sz_d4FVe_O0RnW6t8Swyr7x-Pawaqvf9Oirb8
165,1JmMlZxuHCZ6Qh1_VBJGyMRhKrL1f4UQCWsnml0Nf5uE
166,1LUzm73Hpb8dEmkZbm3GJrzlKy2_pm0R_ghPKVTfakRw
167,1_jZ0HxoMJ5tHsbDdNBG1e_oSsN-nTSPCh5wyDlNmFyY
168,1KwZHrJrXj4YowNDdKdVO4XnAGC18XT6DVDNl7gG58VI
169,1iW7FvDO3b0nHPKeJ8PyQBvfBfyhZzOuUjq04veQdEow
170,1Wo2dige5pFkEYpj7OF2_onvBKQN3lqUNl-jquQV4onc
171,1qsSrrVTXMW-LWqBtZtSwl6EKPuTH4WeRwIXTNSueXgo
172,1GtoA36YH2xrWj55vKKGLbbGULa-m5bSafQQW24LB6Jc
173,1KHwoS01ANy5SUMIfz5V2V2SEfGAQqXDoxuaoXNZBBqs
174,1cTso9mvp_hMURAOPwh7JdMtu2cwTu8lz5r6J95U8rYM
175,1tQZsrkK8YJePHHx1GyKdeuGOkZixoi6bH3VUOg7xc8I
176,1uUmlYxWqN1eoF5sHYby9iahKPbBES_LU_tL-LLeQcTY
177,1iIGu5VkZGp6HUGaynAXxdi7ehad_cqZPK1UjBt5oBm4
178,17Kp97bhMUScvw63B6eCke8qeNQC1ft9Ck8Lo4SzIKVY
179,1JY82QTAqmOaxC40kCWCgq-f7IwMohEgXCqdlaMyEwOY
180,1ENeF2gcMXyuMOvzdH4mDni5i8I3d3_EPJmVhBMu2ans
181,1cOgVJ6ay3P2MeC7F_skHvT0riFplwc9J9BVeX1dpXks
182,1pnRNW7W_G6Rb_6YdfXBsY5CL6g-AH4NGRpR4tDmbvlo
183,1STJa2eOkjmoR_XRQGHWPF_WHpvvpAeit6cnnYGpSKMs
184,1DH1N4HPdQFOM07dQnHYEDXVglEqNPBqiAWSH7CpHGYM
185,1GXPPnV66ErT4dS53HLJZaAGgKFmh487OsPnIkybX7Qg
185ii,12b61Bp7W_Sc2oXNMX6D_jqfXp_TFVx1leiu7vmdRavA
186,1CBf-s86X5Io614C2XcDNujJO8U3MlcJi54QrC47Z2iA
187,1T9bkrPROBGxaOrR_3gBsdbwuxbPTJWY1EBKIyQ0Lz5Y
188,1WsKS7BJOMFIS2er-yq058SpH5hHmSsLDdtmco0yC3Fo
189,1ZMAkt6yAicZfAMH2aUmhz6WVr_ZOnHLIZ4cxWYBTss8
190,1SpRXTnC4mCf4KU5uw3-xpE9GTQaeodQdJ0TY4Rjm0Ns
191,1-br_Z8hnDPLQ8USc_RcvLbEL6EkPwQlN2NhHDd0xjlc
192,1gXut3wHw4V3KKQjhV_fDRH__Y49Zu-i1_1cRJ8hRi7Y
193,12znX08Tk2SOwlervYCCt8MtFzC6_DDuHkvIcec0veXU
194,1vhkToYPS7wJH7SQEFW28lllKe141RCfcWN6bs2g1FJs
195,1k4HzWOxa6MjphS7x_2bA-XQ6yGgLaNovRoUDkiGuNHY
195a,1A9NJPGQuyLjmT5Qc9ax5GI-v3P7KcejHYncDaAP5y9c
196,1ELPkD-bkfPndxdAVbGKgkAXkSZ96NoDa4Jq7W3ZE7ZU
197,1nhhqjfm5KCZLCzCvCaWoY6ki4kOXfvbYtgTAhW8qVl8
198,1fyGRKXJzhfYVNP5gPk2DYBciRDZbxqDfphb9lRd64R4
199,1WNX6c0D3U4c67L_JiZIRB5d_hT6vrqZASKfVMhx6jcw
136,1FuA-q6M-Iw4xGpnXEwhhQ9FkjHQSraMlSofsf1qy2Z0
4,1Xm4Xrdn0FP_IiLS4Q4Fgeds3AsAcCXCUgxdrKmoFvYw
5,1I0T5nQrpsnyUTRa1v7fN0zMPISK3mhegHoIdDrRKRYc
6,17pPHY1ulR6FFV7W8aP9WP1uWp2tlTef94C__YD9DGGU
9,121iCyeDypNUL7O4k4FTjonO-dFI8yN1XuQwcU6JvFc4
10,19snqrOR4x-6MwjcSURrddRle_nTXVBZSLlcvUjidXkk
11,18UmLi9odWgGdWLG4Jk5Budo25k2qsg1vp9m0P271OqI
12,1tnTaYQkVk8QV1zrKJgY6sSR9P6zBhiIiEwc2AKheuY0
14,1jARjeyLQAQmjXTG5C2Gmc6MhyrXeZTT0nyOSrXj5q7M
15,1m58REVse5tj0N_xuRn0mIQ6Z2W6rzOus6RAHSJQLjm0
16,1GJjmviLjB3NX36U6SdGgLF9gtEVl3o9EmrE8GIR9OFE
17,1y24SAlg_98iC-Lde0zQQSBgr5lXej2M-IJ6HF5KhS6w
22,1p_6T81jtPCmBasT04vAGc0qTre6X_eOeSC79Plg0eqA
23,1JUD7Z7Wre5WPqpcnmdfoX08Mli1E-3IUKGcyRA0hlAw
24,1QH5DreZvq-N3HeM4RlgPKdcvnSkIv6D_Bar5z9ZC33U
25,1cOBEDcZEb0Rxo-A2W7mdHSgcdtIUU9yLP6kb4ysa8Yo
26,1roUEGaNWq_GuZHNYTBjJY6W209Ivg8OPg4X063gTyjM
27,1ntGhmSAajOEu5yyCS61W97U5oharMCBeqMGN0Q7gWEI
28,1ugP872iYe3Vj0NT-njtEZhmSKgwjpp-7IuR_V6AFcIo
29,1vETDk0DUalcZExqJINBtj77j2JIiUuw_p0OYwnGK10w
30,1FZh_tZqpyoZVJ4iiMgSbS9J2h6It_Pt4YPi2Ix_QCjk
31,1n4fheh4w4X55uTeVq4u8V1GZTuvcyZVostC0vV0TRpU
32,1uTU2zrye9B8v8vt1lW0BkerShawGVwEpOILxEwaen98
8,1FaGOqKpK_epYTd3VnJ6d0Jx8-lbPlP5-0gQRKbZhwFA
34,1TLJP_qyJlFakIlc20yDV5Urk5rTjpCIx0FLCEWV82Tw
1,1ZJqzprraTttPYKRHpyvjCVcd71wWXTrx8Xa6wA5cvjE
3,1yy03XD-LI02s7_SGFwF1u_dpVy8rYATnsp_gW9CYd2s
18,1VK6xgMu6wPOyrFcsfqaikLdUziv0IgCj6u1Kk3pG38E
36,1xFqj54zRgFWwdHhzcAn_tuyrWkw2XZK9MH_R4NHwxQE
37,1x-Ke7aVN4B7lNTiV6ra-0M4klZ1lCUhsiPYRO9hvseQ
38,1zgvGa9w0syTHCTcabmVCk0hD7kyWinN-bvXcjTW4eNc
39,1hr5W7ggr0NMa6U16iKScU4O3y7xCk6mVNR6LH0gM3Es
40,1f2JYk5Sx2RrABIYuIvvvGh5_mGIXBnjm-9fLDtPr1vA
2,1EQXo7FSP7SXHbk_TiD86R4YQTlZH3yIgxIKyh-7rOq4
41,1M82aCrMoBtCRxYKoC90cYibisvR8CZuUm_JKph8_Rts
7,1oJGqAJ8yHUpFq6HzwrfJEeoyyiWtkD9OVj0No8xrfh8
007ii,1_5IWv96R7n9g3YLzzMTfT_aicQ5GTNpM0DognMx6WCQ
13,1B3APd9QUi2VgjOtf7giQZRH8vP4NWpXRjOuTWUZjDfM
42,1M7-Rsltlw4BEtsVxhshr1PTEi6Ev96cwzy5eAygkjo4
43,1MxcyKhE3VQWOYqhKJrpljqtM_p3LwL7J81WD20baZmY
44,1RR3pzx52Cm0VMcU_AcGE1q7AnNdT0694lYoY1kS4I-Y
45,1yHN9tRnzRuA1HrDjV3YlHxpOKXSCxKZ5UQo7OWBeWL4
46,11ZWPBKNG93h44PK3oER2d2IN1ebGMjFTpKcxEYjngxM
47,1Ikuq-W38F-xiceElI-QlGoSxzwewoovJcASTCGwV7oI
48,10I51HlNsJQzLq96ZltLvGY-Z4Dl6369ct6YMI1Rhqvw
49,1T-6XED2_8-qEIuJnUmDHpTQTHfJBqQg4OPVPn712RoQ
51,1BHlg1PLTwWxeY4PBhmSpFTbhj5F3Owfv1ehMfxiDU_g
52,11RPn5rM6EwF21eJRPQya8bfGUMWYPRq2T-dP1CvAMhc
54,1MCskVX30QC3GXU3nScBYBZHP-ZkaaPX7OQB2HSJQAtw
53,1vODy1vtHOZglIp9-BiaojIni6Uxc-ciU1IG1iERQ_II
55,1c8RUQEnCKr6qIR4mA-qwJ1gD__GQur-XQRyln7_vBm0
58,1qEJl3hPExS_JjflKSYKBs0Jd_fqa5IlhkuQVi6YicBo
56,1ZNJ8zvKbXi2Jj6Hz-zuVedE3ruxXt7GQH9VTmSvo-Ss
57,1lUylWRfV7eL7VBe0LKQbDklbr6pVBQowE8DRpZo21W0
59,1Dwsr8o-ZqfkscjhX1I8qdLUtxq-F0kWGYZihpKF1tJI
60,1OrCg3OdEyq3Ysf8ylQOsR9OycO1288NVf1E8YOeuBzw
61,1_Z85nTEmfP96tyEHRwYaRH8M0i3R6_SOnh3sO693MYc
62,1BuDDAqg3QuOeuvPA1YwVy49J0pi9p7melyWwqL8aWMo
63,1JgTVO9_6p0-sx9_YfhcPbXspQgc_JbZjerciWIevq04
64,19LyM1YVuK85Kmex5jyfy2Q2b54-En-pJA84jGfZ6tm8
65,1QhylbhTHDbKr4ow9z3uHaUTiIrkVXhIYt9tti1hOQwo
66,1br1nzckdbnM0NtZZ3lZyzalRZL_MyOmeDTmh67gjAgw
67,1c1COWSz16HRWsFuG7XWj87s4QINhZXx_SnRs6WJLuww
68,1cqJvrUwUU6yrAax7WWB0MPSlefbjUdUP7GQh7Z0TVC0
69,1v_jEoBW2nLDs9R6wiwgJYBfI9xei7AdlZptlHAHQwCo
70,1gVb0LBy0VFjWXBW3BbJOMFitTBBS_xgMyKrD-JuHjgo
71,1Jhpoh-VP6aoX_RfpX7Evz3sbtpw73UctC_dZHvYBZ8k
72,1vyprSqK_mxOwB64WiknXUf3LhGARGSp-7F44NQlNdto
73,1B08eyS0vSoNXAGewOEA6SDFJm6b8ift0IQQciUmty_s
74,1OVwBfGXz3nQUzwb7OoNwLfwhxeoFFTkotJVl5SJKzio
75,1qm2UuJHYL6OEqCZlUb82ySqEUdT4CzLTB8crpn8-pjI
76,1Htv0DvkGTw2r3NiSSxew8h5P2aqLyASgaDXhg9ZK8hI
77,1-gMsn8MmF9o0x622ACNahQDyHbB6CZFlFXCbPpMd63Y
78,1_0p62pwPfD4Bk_3hr3Iu73RB4hpcIc4Ak1cMxzlR034
79,1AP7zi4L4aasQh6C4oFzFHbPNETNzstNVfWXvn3duNns
80,1VrgyO0NUPwpIFMvIHVeQMRgt0qpB0k1y-XBjxXN1HXY
81,12sCPeN7wQoF-R9MM2MV8carg345uePC0w6vdiupLwXQ
82,1n0qjKxPBE8qeaeUOM37c5qMKO942ORvO31dCvelPEXw
83,1pJbzkpcoC47G0-adHpsn1nAGXif0sqiuxUbYkSKDSDs
84,1eNuUn0M2WL9yCvBopczA9VgDZY98SA2IvUX6-JG8L4w
85,1bXXg9fQia1f8KEQ6l_4Mc2JviJeMhaO8hSt3_eRrrrk
86,1xw9df7HBHB1gecBzpUHZZ6qIsPpvf2HOxgr1Q1ul_1Y
87,1CBL8bFIq-BcVrMiJ7OeQI_5XA-Zc6m2xcGHHUZFjk_w
88,10HCyiNzHV9fkVyUOELqcEkuROfCbyCJHDo2zymDrPqc
89,1puZQteRt2mpLEYmuVRO_3LvwmMl2uZMDvT6Gs9_ez3E
90,1wX4Wc1X4rmQMe9AefdAjxy4SOpW92az9SMYiSXoewm4
92,1AaCR3_qRbhy5keekbTnMDzT05BH6S0c9CRLaXt4b1zw
93,1JtTqGJygITXWPg1K60gSW3T-ueJmnYnxFkvakhgKq18
94,1RLgISrzRhpD7BPQ0IMauAKeSEPZlGI-qbfny75Qq5tY
91,1fM_DfZPU6kC6IM9-011y4wmjm6KnFpFB23o1CoxIFvg
95,1wlDd_24xXn0lYMvjZjIQ8D5xt2MCvjs4gqBCILd4JXk
96,131Ifu9uuW4ZqsMkR5H419gdHUBnCOGAKYHMROG6ZBu8
97,1VfSoR0HNOw7aF1qa1m1bC-Cmbj8bVBy5-ybihIhn7ZA
98,1FsyhvoPwD1JcBt-fGcpsBvVTMm0xIekrn0KN3YNQvOU
99,1hnfS5kWyYcLSCeP8qZeNm6VK6WN1Zvs7dQ8HKZt-TTg
20,1_JWvSoHXfE48wylwkr3KMC73dMCAXSADQi349zzw7sU
19,1ArLKtPy853cpUqPw3_VDyhAJ-lVKBcHhXsmFiiIg-tY
020ii,16IkRmPlGCQpqzPL1NDqzPhFUmc4OccC7tj1996OgOA0
21,1_Bh1xJhSjMOdv0tl1bMG4EsSmnhJYXAfRjuILra1r9o
33,1Yd2Z2zVrFBaQGFUPbqkRTBpNkbdu8RRDSouLla6CFs4
033ii,15iOUUDPU61Lftd96g6skDBVep9hcY0rX_Hxyhsv5STg
35,1_-QAxnF-YD6N3VBSabpY7kg1txOA1KWtAdZ8wxg2wKA
50,1NECF9Npn1-1Gt4zsi_1H2gKTzQ7yysTDsNjemdq8NFk